{
  "Total" : {
    "transaction" : "Total",
    "sampleCount" : 100,
    "errorCount" : 1,
    "errorPct" : 1.0,
    "meanResTime" : 3963.710000000001,
    "medianResTime" : 3815.5,
    "minResTime" : 2700.0,
    "maxResTime" : 21046.0,
    "pct1ResTime" : 4293.9,
    "pct2ResTime" : 4362.3,
    "pct3ResTime" : 20879.809999999914,
    "throughput" : 4.711647191858273,
    "receivedKBytesPerSec" : 404.6725184343196,
    "sentKBytesPerSec" : 0.5466246937429325
  },
  "HTTP Request" : {
    "transaction" : "HTTP Request",
    "sampleCount" : 100,
    "errorCount" : 1,
    "errorPct" : 1.0,
    "meanResTime" : 3963.710000000001,
    "medianResTime" : 3815.5,
    "minResTime" : 2700.0,
    "maxResTime" : 21046.0,
    "pct1ResTime" : 4293.9,
    "pct2ResTime" : 4362.3,
    "pct3ResTime" : 20879.809999999914,
    "throughput" : 4.711647191858273,
    "receivedKBytesPerSec" : 404.6725184343196,
    "sentKBytesPerSec" : 0.5466246937429325
  }
}