{
  "Total" : {
    "transaction" : "Total",
    "sampleCount" : 10,
    "errorCount" : 0,
    "errorPct" : 0.0,
    "meanResTime" : 2550.1000000000004,
    "medianResTime" : 2570.0,
    "minResTime" : 2202.0,
    "maxResTime" : 2810.0,
    "pct1ResTime" : 2809.9,
    "pct2ResTime" : 2810.0,
    "pct3ResTime" : 2810.0,
    "throughput" : 3.5561877667140824,
    "receivedKBytesPerSec" : 308.42219172297297,
    "sentKBytesPerSec" : 0.4167407539118066
  },
  "HTTP Request" : {
    "transaction" : "HTTP Request",
    "sampleCount" : 10,
    "errorCount" : 0,
    "errorPct" : 0.0,
    "meanResTime" : 2550.1000000000004,
    "medianResTime" : 2570.0,
    "minResTime" : 2202.0,
    "maxResTime" : 2810.0,
    "pct1ResTime" : 2809.9,
    "pct2ResTime" : 2810.0,
    "pct3ResTime" : 2810.0,
    "throughput" : 3.5561877667140824,
    "receivedKBytesPerSec" : 308.42219172297297,
    "sentKBytesPerSec" : 0.4167407539118066
  }
}