{
  "Total" : {
    "transaction" : "Total",
    "sampleCount" : 1000,
    "errorCount" : 1,
    "errorPct" : 0.1,
    "meanResTime" : 8102.843000000001,
    "medianResTime" : 10521.0,
    "minResTime" : 342.0,
    "maxResTime" : 21136.0,
    "pct1ResTime" : 12538.6,
    "pct2ResTime" : 12997.5,
    "pct3ResTime" : 14509.27,
    "throughput" : 47.160913035276366,
    "receivedKBytesPerSec" : 4086.032052103966,
    "sentKBytesPerSec" : 5.521142826825127
  },
  "HTTP Request" : {
    "transaction" : "HTTP Request",
    "sampleCount" : 1000,
    "errorCount" : 1,
    "errorPct" : 0.1,
    "meanResTime" : 8102.843000000001,
    "medianResTime" : 10521.0,
    "minResTime" : 342.0,
    "maxResTime" : 21136.0,
    "pct1ResTime" : 12538.6,
    "pct2ResTime" : 12997.5,
    "pct3ResTime" : 14509.27,
    "throughput" : 47.160913035276366,
    "receivedKBytesPerSec" : 4086.032052103966,
    "sentKBytesPerSec" : 5.521142826825127
  }
}